Destino,Und Negocio,Desripcion,Marca,Existencia,Minima,Costo,Precio Lista,Dscto  Corp,Dscto VIP
PVC,SPA,XMAS PACK KIANTY BV 2016,Bruno Vassary,2,1,59.65,81.97,73.77,70.08
PV,Hair Salon,02 COLOR CARE AMPOLLAS,SILKY,0,10,0.00,0.00,0.00,0.00
PV,Hair Salon,03 DELI CARE AMPOLLAS,SILKY,0,10,0.00,0.00,0.00,0.00
PV,Hair Salon,03 DELI CARE AMPOLLAS,SILKY,36,10,0.00,0.00,0.00,0.00
PV,Hair Salon,ABSOLUT REPAIR SHAMPOO 250ML,LOREAL,1,1,17.00,25.09,22.58,21.45
PC,SPA,aceite de coco para dar masaje,Otros,1,1,0,0,0,0
PC,Nail Bar,ACRYLIC & GEL ,Otros,2,1,0,0,0,0
PVC,SPA,AG SORBET RICH HIDRATANTE PIELES NORMAL A SECA 50ML,Bruno Vassary,2,1,49.00,67.33,60.60,57.57
PVC,SPA,AGE CONTROL HAND CREAM CREMA REPARADORA DE MANOS Y UNNAS 75ML,Bruno Vassary,2,1,8.00,10.99,9.89,9.40
PC,Nail Bar,alicate grambeel,Otros,1,1,9.821428571,0,0,0
PV,Hair Salon,AMPOLLA KERASTASE SP AMINEXIL FORCER 6MLX10V315,KERASTASE,16,10,5.70,8.41,7.57,7.19
PV,Hair Salon,AMPOLLAS AMINEXIL CONTROL 10X,LOREAL,8,10,4.27,6.30,5.67,5.39
PV,Hair Salon,AMPOLLAS BOTOX,SILKY,0,10,0.00,0.00,0.00,0.00
PC,SPA,AMPOLLAS FACIAL CONCENTRADOS EQUILIBRANTE PIELES GRASAS,Bruno Vassary,2,10,4.00,0.00,0.00,0.00
PC,SPA,AMPOLLAS FACIAL CONCENTRADOS GLYCOLIC TREATMENT AHA,Bruno Vassary,8,10,4.00,0.00,0.00,0.00
PC,SPA,AMPOLLAS FACIAL CONCENTRADOS HIDRATANTE,Bruno Vassary,4,10,4.00,0.00,0.00,0.00
PC,SPA,AMPOLLAS FACIAL CONCENTRADOS LACRIME DE UVA,Bruno Vassary,4,10,4.00,0.00,0.00,0.00
PC,SPA,AMPOLLAS FACIAL CONCENTRADOS RETINOL PLUS,Bruno Vassary,2,10,4.00,0.00,0.00,0.00
PC,SPA,AMPOLLAS FACIAL CONCENTRADOS REVITALIZANTE,Bruno Vassary,1,10,4.00,0.00,0.00,0.00
PV,Hair Salon,AMPOLLAS KERATIN REFILL POWERDOSE 30X10ML,LOREAL,15,10,7.96,11.75,10.57,10.04
PV,Hair Salon,AMPOLLAS LIPIDIUM ABS REP POWERD 30X10ML,LOREAL,90,30,7.97,11.76,10.58,10.05
PV,Hair Salon,AMPOLLAS LISS UNLIMITED PROTECT OIL 15*12ML ,LOREAL,10,10,4.56,6.73,6.06,5.75
PV,Hair Salon,AMPOLLAS LUMINO CONTRAST POWERDOSE ,LOREAL,21,10,8.07,11.92,10.72,10.19
PV,Hair Salon,AMPOLLAS VITACOLOR POWERD 15*10ML VA16,LOREAL,4,10,8.07,11.92,10.72,10.19
PVC,SPA,ANTI AGE SUN CREAM SPF 30 50ML,Bruno Vassary,2,1,24.00,32.98,29.68,28.20
PV,SPA,ANTIAGE SUN CREAM SPF 50 50ML,Bruno Vassary,1,1,26.00,35.73,32.15,30.55
PC,Hair Salon,ANTIFRIZZ BOTOX CERO FRIZZ 2 PASOS 1000ML,SILKY,1,1,0,0,0,0
PC,Hair Salon,aplicador de tinte vacio,Otros,1,1,0,0,0,0
PVC,SPA,AQUA TONER TONICO HIDRATANTE 250ML,Bruno Vassary,2,1,23.00,31.60,28.44,27.02
PV,Hair Salon,B DRM BAIN RICHE DERMO CALM HTETOLER 250ML V267,KERASTASE,2,1,22.80,36.90,33.21,31.55
PV,Hair Salon,BAIN CLARIFIANT 250ML SPECIFIQUE,KERASTASE,4,1,21.90,35.44,31.90,30.30
PV,Hair Salon,BAIN DENSIFIQUE 250ML A21,KERASTASE,3,1,21.90,35.44,31.90,30.30
PV,Hair Salon,BAIN DIVALENT 250ML SPECIFIQUE,KERASTASE,4,1,22.80,36.90,33.21,31.55
PV,Hair Salon,BAIN PREVENTION 250ML SPECIFIQUE,KERASTASE,0,1,22.80,36.90,33.21,31.55
PV,Hair Salon,BAIN THERAPISTE 250ML A21,KERASTASE,2,1,21.90,35.44,31.90,30.30
PV,Hair Salon,BAIN THERAPISTE 250ML A21,KERASTASE,3,1,21.90,35.44,31.90,30.30
PVC,SPA,BALANCE FLUID EMULSION HIDRATANTE PURIFICANTE 50ML,Bruno Vassary,2,1,31.00,42.60,38.34,36.42
PVC,SPA,BALANCING TONER LOCION ASTRINGENTE MATIFICANTE 250ml,Bruno Vassary,2,1,23.00,31.60,28.44,27.02
PC,Hair Salon,balm down,Otros,1,1,0,0,0,0
PC,Nail Bar,BANDEJAS DE MANOS GRANDES,Otros,3,1,0,0,0,0
PC,Nail Bar,BANDEJAS DE MANOS PEQUENNAS,Otros,3,1,0,0,0,0
PC,SPA,batas blancas mujer,Otros,3,1,0,0,0,0
PC,Hair Salon,BATAS DE BANNO,Otros,3,1,0,0,0,0
PC,Hair Salon,batidor de tinte,Otros,1,1,0,0,0,0
PC,Hair Salon,beard $ tattoo oil,Otros,1,1,0,0,0,0
PV,SPA,BIO DOUCE DESMAQUILLADOR DE OJOS 150ML,Bruno Vassary,1,1,13.00,17.86,16.08,15.27
PVC,SPA,BIO DOUCE DESMAQUILLADOR DE OJOS 150ML,Bruno Vassary,2,1,13.00,17.86,16.08,15.27
PVC,SPA,BIO TENS TENSOR DE BELLEZA INMEDIATO 1 UNIDAD,Bruno Vassary,2,1,12.00,16.49,14.84,14.10
PC,Hair Salon,BLOND STUDIO 20 VOL ,LOREAL,1,2,18.30,0.00,0.00,0.00
PC,Hair Salon,BLOND STUDIO 30 VOL,LOREAL,2,2,18.30,0.00,0.00,0.00
PC,Hair Salon,BLOND STUDIO 40 VOL,LOREAL,3,2,18.30,0.00,0.00,0.00
PC,Hair Salon,BOLW TINTE,Otros,4,1,0,0.00,0.00,0.00
PC,SPA,BOWL GRANDE dermalia,Otros,1,1,0,0.00,0.00,0.00
PVC,SPA,BRIGHTENING LOTION TONICO CLARIFICANTE CON VIT C 250ML,Bruno Vassary,2,1,25.00,34.35,30.92,29.37
PC,Nail Bar,BRILLIANCE CAPA FINAL PARA UNNAS red carpet,Otros,2,1,0,0,0,0
PC,Nail Bar,BROCHAS DE ACRILICO,Otros,1,1,0,0,0,0
PC,Nail Bar,BROCHAS DE ACRILICO,Otros,2,1,0,0,0,0
PC,Hair Salon,brochas de tinte,Otros,2,1,0,0,0,0
PC,Nail Bar,BROCHAS PARA GEL Y ACRIGEL,Otros,3,1,0,0,0,0
PC,Nail Bar,BROCHAS PARA TINTE,Otros,3,1,0,0,0,0
PVC,SPA,C+C SYNERGY SERUM (SERUM ALISADOR E HIDRATANTE) 3X7ML,Bruno Vassary,2,1,44.00,60.46,54.41,51.69
PC,Hair Salon,CAJA DE GUANTES,Otros,1,1,0,0,0,0
PVC,SPA,CALMING DAY LOTION (FLUIDO HIDRATANTE CALMANTE) 50ML,Bruno Vassary,2,1,28.00,38.48,34.63,32.90
PC,Hair Salon,capa de niNNo,Otros,1,1,0,0,0,0
PC,Hair Salon,CAPA PLASTICA,Otros,3,1,0,0,0,0
PC,Hair Salon,capas de adulto,Otros,2,1,0,0,0,0
PC,Hair Salon,CASCO FIJADOR PARA PELO dermalia,Otros,1,1,0,0,0,0
PV,SPA,CELL ACTIVE EYE CONCENTRATE CONTORNO DE OJOS 15ML,Bruno Vassary,1,1,36.00,49.46,44.52,42.29
PVC,SPA,CELL ACTIVE EYE CONCENTRATE CONTORNO DE OJOS 15ML,Bruno Vassary,2,1,36.00,49.47,44.52,42.30
PVC,SPA,CELL ACTIVE LINELESS NIGHT CREAM CREMA DE NOCHE INTENSIVA 50ML,Bruno Vassary,2,1,57.00,78.32,70.49,66.97
PV,SPA,CELL ACTIVE RESTORATIVE FLUID 50ML,Bruno Vassary,2,1,57.00,78.32,70.49,66.96
PVC,SPA,CELL ACTIVE RESTORATIVE FLUID 50ML,Bruno Vassary,2,1,57.00,78.32,70.49,66.97
PC,Nail Bar,CEPILLO DE UNNAS,Otros,3,1,0,0,0,0
PC,SPA,cepillo facial,Otros,1,1,0,0,0,0
PC,Hair Salon,CEPILLOS ,Otros,2,1,0,0,0,0
PC,Hair Salon,cepillos planos,Otros,1,1,0,0,0,0
PV,Hair Salon,CHROMA RICHE DEEP REFLECT S/E 125ML,KERASTASE,4,1,25.90,41.92,37.72,35.84
PV,Hair Salon,CHROMA RICHE MASQUE 200ML,KERASTASE,2,1,42.70,69.11,62.19,59.09
PC,Hair Salon,churrero ondas 3 piezas,Otros,1,1,0,0,0,0
PVC,SPA,CLARIFYNG MILKY TONER (TONICO REGENERADOR ANTIEDAD) 200ML,Bruno Vassary,2,1,30.00,41.22,37.10,35.25
PVC,SPA,CLEANSING GEL LIMPIADOR PURIFICANTE 150ml,Bruno Vassary,1,1,23.00,31.60,28.44,27.02
PVC,SPA,CORRECTIVE CREAM CREMA IMPERFECCIONES LOCALES 50ML,Bruno Vassary,1,1,23.00,31.60,28.44,27.02
PC,Nail Bar,CORTAUNNAS,Otros,3,1,0,0,0,0
PC,Nail Bar,CORTAUNNAS  ,Otros,3,1,0,0,0,0
PC,Nail Bar,CORTAUNNAS GILLOTINA,Otros,3,1,0,0,0,0
PC,Hair Salon,CREAM CAMOUFLAGE,Otros,1,1,0,0,0,0
PVC,SPA,CREAMY CLEANSING FOAM JABON LIMPIADOR CON VIT C 150ML,Bruno Vassary,2,1,26.00,35.73,32.15,30.55
PVC,SPA,CREMA TERMO ACTIVA 200ML,Bruno Vassary,2,1,23.00,31.60,28.44,27.02
PC,Hair Salon,CROCHET,Otros,3,1,0,0,0,0
PC,Nail Bar,CRYSTAL,Otros,3,1,0,0,0,0
PC,Hair Salon,CUBRE OREJAS,Otros,3,1,0,0,0,0
PVC,SPA,DAILY CREAM ANTIFATIGA 50ML,Bruno Vassary,2,1,31.00,42.60,38.34,36.42
PVC,SPA,DAILY UV BRIGHTENING LOTION SPF 40 BLOQUEADOR ACLARANTE 40GR,Bruno Vassary,2,1,39.00,53.59,48.23,45.82
PV,SPA,deoxicocim mesoterapia,Otros,8,5,4.825,7.12,6.41,6.09
PC,Hair Salon,DELINEADOR DE LABIOS,Otros,3,1,0,0,0,0
PC,Hair Salon,delineador de ojos negro en gel,Otros,1,1,0,0,0,0
PV,Hair Salon,DENSIFIQUE CAPILAR 3*6ML VD50 AMPOLLAS CONCENTRADO TRANSPARENTE ampollas,KERASTASE,86,10,3.83,6.20,5.58,5.30
PC,Hair Salon,DIA ACTIVATEUR 9 VOL 1LITRO,LOREAL,0,2,12.6,0.00,0.00,0.00
PC,Hair Salon,DIA ACTIVATEUR 9 VOL 1LITRO,LOREAL,3,2,12.6,0.00,0.00,0.00
PC,Hair Salon,DIA LIGHT 9.02,LOREAL,5,2,5.80,0.00,0.00,0.00
PC,Hair Salon,DIA LIGHT 9.11,LOREAL,2.5,2,5.80,0.00,0.00,0.00
PC,Hair Salon,DIA LIGHT 9.13,LOREAL,2,2,5.80,0.00,0.00,0.00
PC,Hair Salon,DIA LIGHT 9.13,LOREAL,5,2,5.80,0.00,0.00,0.00
PC,Hair Salon,DIA RICH MILKSH 10.12,LOREAL,2,2,5.80,0.00,0.00,0.00
PC,Hair Salon,DIA RICH MILKSH NACR 9.02 50ML V511,LOREAL,0.5,2,5.80,0.00,0.00,0.00
PC,Hair Salon,DIA RICHESSE 2.10,LOREAL,0.75,2,5.80,0.00,0.00,0.00
PC,Hair Salon,DIA RICHESSE 5.3 V511,LOREAL,2.75,2,5.80,0.00,0.00,0.00
PC,Hair Salon,DIA RICHESSE 5.32,LOREAL,1.875,2,5.80,0.00,0.00,0.00
PC,Hair Salon,DIA RICHESSE 6.13,LOREAL,4,2,5.80,0.00,0.00,0.00
PC,Hair Salon,DIA RICHESSE 6.23,LOREAL,1.875,2,5.80,0.00,0.00,0.00
PC,Hair Salon,DIA RICHESSE 6.35,LOREAL,2,2,5.80,0.00,0.00,0.00
PC,Hair Salon,DIA RICHESSE 7.13,LOREAL,1,2,5.80,0.00,0.00,0.00
PC,Hair Salon,DIA RICHESSE 7.13,LOREAL,2,2,5.80,0.00,0.00,0.00
PC,Hair Salon,DIA RICHESSE 7.23,LOREAL,2,2,5.80,0.00,0.00,0.00
PC,Hair Salon,DIA RICHESSE 7.23,LOREAL,3.25,2,5.80,0.00,0.00,0.00
PC,Hair Salon,DIA RICHESSE 8,LOREAL,4,2,5.80,0.00,0.00,0.00
PC,Hair Salon,DIA RICHESSE 8.13,LOREAL,2.75,2,5.80,0.00,0.00,0.00
PC,Hair Salon,DIA RICHESSE 8.13,LOREAL,8,2,5.80,0.00,0.00,0.00
PC,Hair Salon,DIA RICHESSE 8.31,LOREAL,0,2,5.80,0.00,0.00,0.00
PC,Hair Salon,DIA RICHESSE 8.31,LOREAL,3,2,5.80,0.00,0.00,0.00
PC,Hair Salon,DIA RICHESSE CLEAR,LOREAL,3.75,2,5.80,0.00,0.00,0.00
PV,Hair Salon,DISC FLUIDISSIME SOIN INTEGRAL 150ML DISCIPLINE,KERASTASE,1,1,36.75,59.48,53.53,50.85
PC,Nail Bar,DISOLVENTE DE ESMALTE,Otros,2,1,0,0,0,0
PC,Hair Salon,DONAS PEINADOS,Otros,3,1,0,0,0,0
PC,Nail Bar,DUAL CLEAR UV POWDER ,Otros,2,1,0,0,0,0
PV,Hair Salon,ELIXIR BAIN ULT HUILE LAVANTE 250ML V267,KERASTASE,2,1,21.90,35.44,31.90,30.30
PV,Hair Salon,ELIXIR ULTIME BB CREMA FINE 150ML,KERASTASE,2,1,28.70,46.45,41.80,39.71
PC,Nail Bar,empuja cuticula,Otros,1,1,1.875,0,0,0
PVC,SPA,ENZYME CLEANSING POWDER (POLVO LIMPIADOR ENZIMATICO) 50GR,Bruno Vassary,2,1,30.00,41.22,37.10,35.25
PC,Hair Salon,ESCOBILA SACA PELO,Otros,3,1,0,0,0,0
PC,Nail Bar,esmalte infine shine opi,Otros,1,1,0,0,0,0
PC,Nail Bar,ESMALTES,Otros,3,1,0,0,0,0
PC,Nail Bar,ESMALTES,essie,4,1,0,0,0,0
PC,Nail Bar,ESMALTES,opi,6,1,0,0,0,0
PC,Nail Bar,ESMALTES,essie,18,1,0,0,0,0
PC,Nail Bar,esmaltes infinite shine opi,Otros,10,1,0,0,0,0
PC,Nail Bar,ESMALTES LED NAIL GEL POLISH red carpet,Otros,14,1,0,0,0,0
PC,Nail Bar,esmaltes normales opi,Otros,12,1,0,0,0,0
PC,Nail Bar,ESMALTES OPI,Otros,4,1,0,0,0,0
PC,Nail Bar,ESMALTES OPI GEL FRIO,Otros,3,1,0,0,0,0
PC,Nail Bar,ESTERILIZADOR dermalia,Otros,1,1,0,0,0,0
PVC,SPA,EYE LIFT OX 15ML,Bruno Vassary,2,1,39.00,53.59,48.23,45.82
PV,SPA,EYE SOME GEL CONTORNO DE OJOS CON VIT C 15ML,Bruno Vassary,2,1,27.00,37.10,33.39,31.72
PVC,SPA,EYE SOME GEL CONTORNO DE OJOS CON VIT C 15ML,Bruno Vassary,2,1,27.00,37.10,33.39,31.72
PC,Hair Salon,EYEPOWDER PEN,Otros,1,1,0,0,0,0
PC,Hair Salon,for men 2en1,Otros,1,1,0,0,0,0
PC,Nail Bar,FORMAGEL UV PINK BUILDER,Otros,2,1,0,0,0,0
PC,Nail Bar,FOUNDATION GEL DE REMOCION gelish,Otros,1,1,0,0,0,0
PV,SPA,FRESH CLEANSING FLUID FLUIDO DESMAQUILLADOR SUAVE 250ML,Bruno Vassary,1,1,19.00,26.11,23.50,22.32
PVC,SPA,FRESH CLEANSING FLUID FLUIDO DESMAQUILLADOR SUAVE 250ML,Bruno Vassary,2,1,19.00,26.11,23.50,22.32
PC,Hair Salon,FUNDA DE GORROS,Otros,3,1,0,0,0,0
PC,Nail Bar,GASA PARA LIMPIAR UNNAS,Otros,2,1,0,0,0,0
PVC,SPA,GEL CARIBEL GEL DE BANNO AL ACEITE DE VISON 500ML,Bruno Vassary,2,1,19.00,26.11,23.50,22.32
PC,Hair Salon,GEL DE CABELLO,Otros,1,1,0,0,0,0
PC,Nail Bar,GEL EN FRIO BRUSHON CLEAR,Otros,2,1,0,0,0,0
PC,Nail Bar,GEL EN FRIO RESIN ACTIVADOR,Otros,2,1,0,0,0,0
PC,Nail Bar,gel frio secante - maxybelt,Otros,3,1,0,0,0,0
PC,Nail Bar,GEL SECANTE EN FRIO,essie,2,1,0,0,0,0
PV,SPA,GERALDINA 500ML,Bruno Vassary,2,1,19.00,26.11,23.50,22.32
PVC,SPA,GERALDINA 500ML,Bruno Vassary,2,1,19.00,26.11,23.50,22.32
PC,Hair Salon,GOMA DE PESTANNA INDIVIDUAL,Otros,1,1,0,0,0,0
PC,Hair Salon,GOMA DE PESTANNA TIRA,Otros,1,1,0,0,0,0
PC,Hair Salon,GOMA PESTANNA TIRA,Otros,1,1,0,0,0,0
PC,Hair Salon,GOMA UNNAS NAIL GLUE adoro,Otros,11,1,0,0,0,0
PC,Hair Salon,GORRO ALUMINIO,Otros,3,1,0,0,0,0
PV,SPA,GRATIS PROTECTOR SOLAR ,Otros,1,1,16,23.61,21.25,20.19
PC,Nail Bar,GUANTES EXFOLIANTES,Otros,2,1,0,0,0,0
PV,SPA,HIDROFILLER MESOTERAPIA,Otros,10,5,3.559,5.25,4.73,4.49
PV,SPA,HYALURONIC BEAUTY KIT,Bruno Vassary,1,1,43.26,59.44,53.50,50.82
PV,SPA,HYALURONIC CREAM POLLUTION NEUTRALIUZER 50ML,Bruno Vassary,0,1,39.47,54.24,48.81,46.37
PV,SPA,HYALURONIC MULTI MOLECULAR FILLER 15ML,Bruno Vassary,1,1,34.21,47.01,42.31,40.19
PV,SPA,HYALURONIC SCRUB & MASK 100ML,Bruno Vassary,1,1,21.93,30.13,27.12,25.76
PC,Hair Salon,iluminador,Otros,1,1,0,0,0,0
PC,Hair Salon,INFIN CRISTAL UL FORT 500ML,LOREAL,1,1,29.90,0.00,0,0
PV,Hair Salon,INFIN CRISTAL UL FORT 500ML,LOREAL,5,2,29.90,44.13,39.71,37.73
PC,Hair Salon,INOA 1,LOREAL,1,2,7.20,0.00,0.00,0.00
PC,Hair Salon,INOA 10  ,LOREAL,1,2,7.20,0.00,0.00,0.00
PC,Hair Salon,INOA 2 60GRM V511,LOREAL,0.25,2,7.20,0.00,0.00,0.00
PC,Hair Salon,INOA 200 OXYDANT 10VOL,LOREAL,2,2,12.30,0.00,0.00,0.00
PC,Hair Salon,INOA 200 OXYDANT 20VOL,LOREAL,2,2,12.30,0.00,0.00,0.00
PC,Hair Salon,INOA 5,LOREAL,1,2,7.20,0.00,0.00,0.00
PC,Hair Salon,INOA 5.0,LOREAL,1,2,7.20,0.00,0.00,0.00
PC,Hair Salon,INOA 5.17,LOREAL,2,2,7.20,0.00,0.00,0.00
PC,Hair Salon,INOA 5.5,LOREAL,1.75,2,7.20,0.00,0.00,0.00
PC,Hair Salon,INOA 6.1 ,LOREAL,0.5,2,7.20,0.00,0.00,0.00
PC,Hair Salon,INOA 6.13,LOREAL,2,2,7.20,0.00,0.00,0.00
PC,Hair Salon,INOA 7,LOREAL,1,2,7.20,0.00,0.00,0.00
PC,Hair Salon,INOA 7.13,LOREAL,1,2,7.20,0.00,0.00,0.00
PC,Hair Salon,INOA 7.23,LOREAL,0.25,2,7.20,0.00,0.00,0.00
PC,Hair Salon,INOA 7.43,LOREAL,0.25,2,7.20,0.00,0.00,0.00
PC,Hair Salon,INOA 7.8 60GRM,LOREAL,1,2,7.20,0.00,0.00,0.00
PC,Hair Salon,INOA 8,LOREAL,0.5,2,7.20,0.00,0.00,0.00
PC,Hair Salon,INOA 8.1,LOREAL,2,2,7.20,0.00,0.00,0.00
PC,Hair Salon,INOA 9 ,LOREAL,1,2,7.20,0.00,0.00,0.00
PC,Hair Salon,INOA 9.1,LOREAL,2,2,7.20,0.00,0.00,0.00
PV,Hair Salon,INSTA CLEAR SHAMPOO 250ML,LOREAL,2,1,17.00,25.09,22.58,21.45
PC,Hair Salon,juego de 6 brochas,Otros,1,1,0,0,0,0
PV,Hair Salon,K ELIXIR ULTIME CATAPLASME 200ML V058 mascarilla,KERASTASE,2,1,42.70,69.11,62.19,59.09
PV,Hair Salon,K ELIXIR ULTIME CHX ABIMES 125ML VERDE,KERASTASE,4,1,28.90,46.77,42.09,39.99
PV,Hair Salon,K ELIXIR ULTIME CHX COLOR 125ML ROSADO,KERASTASE,1,1,30.10,48.71,43.84,41.65
PV,Hair Salon,K ELIXIR ULTIME CHX COLOR 125ML ROSADO,KERASTASE,1,1,28.90,46.77,42.09,39.99
PV,Hair Salon,KER  NUT NUTRI THERMIQUE BAIN 250ML,KERASTASE,1,1,21.90,35.44,31.90,30.30
PV,Hair Salon,KER  NUT NUTRI THERMIQUE BAIN 250ML,KERASTASE,4,1,22.80,36.90,33.21,31.55
PV,Hair Salon,KER CRISTALLISTE BAIN 250ML,KERASTASE,3,1,21.90,35.44,31.90,30.30
PV,Hair Salon,KER CRISTALLISTE MASQ 200ML V935,KERASTASE,2,1,42.70,69.11,62.19,59.09
PV,Hair Salon,KER CRISTALLISTE SOIN COND 200ML,KERASTASE,2,1,25.90,41.92,37.72,35.84
PV,Hair Salon,KER DENSIFIQUE BOOSTER 120ML A21 BLANCO ampollas,KERASTASE,10,10,52.00,84.16,75.74,71.95
PV,Hair Salon,KER DENSIFIQUE CONCENTRADO 10*12ML A21 BLANCO ampollas,KERASTASE,19,10,8.01,12.96,11.67,11.08
PV,Hair Salon,KER DISCIPLINE BOOSTER 120ML A21 MELON ampollas,KERASTASE,8,10,52.00,84.16,75.74,71.95
PV,Hair Salon,KER INITIALISTE 60ML V434,KERASTASE,4,1,42.70,69.11,62.19,59.09
PV,Hair Salon,KER MASKERATINE DISCIPLINE 200ML V935,KERASTASE,0,1,44.85,72.58,65.33,62.06
PV,Hair Salon,KER MASKERATINE DISCIPLINE 200ML V935,KERASTASE,2,1,44.85,72.58,65.33,62.06
PV,Hair Salon,"KER NUT BOOSTER IONIUM 15X0,4ML AMPOLLAS naranja",KERASTASE,1,10,2.34,3.79,3.41,3.24
PV,Hair Salon,KER NUT ELIXIR ULTIME DORADO 125ML,KERASTASE,4,1,28.90,46.77,42.09,39.99
PV,Hair Salon,KER NUT NUTRI THERMIQUE FONDANT 200ML,KERASTASE,2,1,26.90,43.53,39.18,37.22
PV,Hair Salon,KER NUT NUTRI THERMIQUE FONDANT 200ML,KERASTASE,2,1,25.90,41.92,37.72,35.84
PV,Hair Salon,KER NUT NUTRI THERMIQUE MASQUE 200ML,KERASTASE,2,1,42.70,69.11,62.19,59.09
PV,Hair Salon,KER NUT NUTRI THERMIQUE MASQUE 200ML,KERASTASE,2,1,42.70,69.11,62.19,59.09
PV,Hair Salon,KER NUT PROTOC SOIN N3 20*2ML F47 CONCENTRADO NARANJA ampollas,KERASTASE,19,10,2.49,4.03,3.63,3.45
PV,Hair Salon,KER NUTR BAIN MAGISTRAL 250ML VD47,KERASTASE,3,1,22.80,36.90,33.21,31.55
PV,Hair Salon,KER NUTR FONDANT MAGISTRAL 200ML,KERASTASE,2,1,26.90,43.53,39.18,37.22
PV,Hair Salon,KER NUTRI BAIN SATIN 1 250ML VA21,KERASTASE,1,1,21.90,35.44,31.90,30.30
PV,Hair Salon,KER NUTRI BAIN SATIN 1 250ML VA21,KERASTASE,2,1,21.90,35.44,31.90,30.30
PV,Hair Salon,KER NUTRI BAIN SATIN 2 250ML VA21,KERASTASE,3,1,21.90,35.44,31.90,30.30
PV,Hair Salon,KER NUTRI LAIT VITAL 200ML VA21,KERASTASE,3,1,25.90,41.92,37.72,35.84
PV,Hair Salon,KER NUTRITIVE BOOSTER 120ML A21 NARANJA ampollas,KERASTASE,3,10,52.00,84.16,75.74,71.95
PV,Hair Salon,"KER REF BOOSTER REFLECTION 15X0,4ML AMPOLLAS fucsia",KERASTASE,11,10,2.34,3.79,3.41,3.24
PV,Hair Salon,KER REF FUSIO CONCENTRADO PIXELIST 15X12ML AMPOLLAS fucsia,KERASTASE,9,10,8.33,13.49,12.14,11.53
PV,Hair Salon,KER REFLECTION BOOSTER 120ML A21 FUCSIA ampollas,KERASTASE,10,10,52.00,84.16,75.74,71.95
PV,Hair Salon,KER RES BAIN DE FORCE ARCHITECT 250ML,KERASTASE,2,1,21.90,35.44,31.90,30.30
PV,Hair Salon,"KER RES BOOSTER FORCE CERAMIDAS 15X0,4ML verde ampollas",KERASTASE,13,10,2.34,3.79,3.41,3.24
PV,Hair Salon,KER RES FIBRE ARCHITECT 2X15ML,KERASTASE,4,1,29.70,48.07,43.26,41.10
PV,Hair Salon,KER RESISTANCE BOOSTER 120ML A21 VERDE ampollas,KERASTASE,6,10,52.00,84.16,75.74,71.95
PV,Hair Salon,KER RESISTANCE CONCENTRADO 10*12ML A21 VERDE ampollas,KERASTASE,7,10,8.01,12.96,11.67,11.08
PV,Hair Salon,KER SPE ANTI CAIDA STIMULISTE 125ML,KERASTASE,0,1,29.50,47.74,42.97,40.82
PC,Hair Salon,KER SPE BAIN EXFOLIANT HYDRATANT 1000ML,KERASTASE,0,1,54.00,0.00,0.00,0.00
PV,Hair Salon,KER SPE BAIN EXFOLIANT HYDRATANT 200ML,KERASTASE,2,1,21.90,35.44,31.90,30.30
PV,Hair Salon,KER SPE BAIN EXFOLIANT HYDRATANT 200ML,KERASTASE,2,1,21.90,35.44,31.90,30.30
PV,Hair Salon,KER SPE BAIN EXFOLIANT PURIFIANT 200ML,KERASTASE,1,1,21.90,35.44,31.90,30.30
PV,Hair Salon,KERATIN REFILL BLOW DRY 150ML 315,LOREAL,1,1,23.11,34.11,30.70,29.16
PV,Hair Salon,KERATIN REFILL MASQ 200ML,LOREAL,1,1,22.19,32.75,29.48,28.00
PV,Hair Salon,KERATIN REFILL SHAMPOO 250ML,LOREAL,2,1,17.00,25.09,22.58,21.45
PV,Hair Salon,KERATIN REFILL SHAMPOO 500ML,LOREAL,1,1,27.70,40.88,36.79,34.95
PC,Hair Salon,KERATINA CERO FRIZZ 3 PASOS 1000ML,SILKY,1,1,0,0,0,0
PV,SPA,KIANTY VINIFERIN EYES & LIPS CREAM 15ML,Bruno Vassary,1,1,39.00,53.59,48.23,45.82
PC,Nail Bar,KIT DESCARTABLE PARA EL EMBELLECIMIENTO DE PIES,Otros,4,1,0,0,0,0
PV,Hair Salon,KIT NAVIDAD DISCIPLINE,KERASTASE,0,1,67.85,109.81,98.83,93.89
PV,Hair Salon,KIT NAVIDAD NUTRITIVE 1,KERASTASE,1,1,47.80,77.36,69.62,66.14
PV,Hair Salon,KIT NAVIDAD NUTRITIVE 2,KERASTASE,3,1,64.60,104.55,94.09,89.39
PV,Hair Salon,KIT NAVIDAD REFLECTION,KERASTASE,4,1,64.60,104.55,94.09,89.39
PV,Hair Salon,KIT NAVIDAD RESISTANCE FORCE A,KERASTASE,1,1,64.60,104.55,94.09,89.39
PC,Hair Salon,kit spray shine brillo para peinados,Otros,1,1,0,0,0,0
PC,Hair Salon,LABIALES,Otros,3,1,0,0,0,0
PC,Hair Salon,labiales,Otros,2,1,0,0,0,0
PC,Hair Salon,labiales,Otros,2,1,0,0,0,0
PC,Hair Salon,LIGAS PEQUENNAS,Otros,1,1,0.446428571,0,0,0
PC,Nail Bar,LIMA 100/100,Otros,0,1,0,0,0,0
PC,Nail Bar,LIMAS LAVABLES,Otros,1,1,0,0,0,0
PC,Nail Bar,LIMPIADOR DE GEL,Otros,1,1,0,0,0,0
PV,Hair Salon,LIPIDIUM ABS REP MASQ 200ML,LOREAL,2,1,22.19,32.75,29.48,28.00
PV,Hair Salon,LIPIDIUM ABS REP SERUM 50ML,LOREAL,1,1,29.70,43.83,39.45,37.48
PV,Hair Salon,LIPIDIUM ABS REP SHAMPOO 250ML,LOREAL,1,1,17.53,25.87,23.29,22.12
PV,Hair Salon,LIPIDIUM ABS REP THER CREM 125ML,LOREAL,1,1,23.11,34.11,30.70,29.16
PV,Hair Salon,LIPIDIUM ABS REP THER CREM 125ML,LOREAL,4,2,23.11,34.11,30.70,29.16
PC,Hair Salon,lipstick ,Otros,1,1,0,0,0,0
PC,Nail Bar,LIQUIDO LIMPIADOR DE CEPILLO,Otros,2,1,0,0,0,0
PV,Hair Salon,LISS CONTROL SERUM NEW 50ML,LOREAL,3,1,16.20,23.91,21.52,20.44
PV,Hair Salon,LISS UNLIMITED COND 150ML V511,LOREAL,0,1,19.17,28.29,25.46,24.19
PV,Hair Salon,LISS UNLIMITED COND 150ML V511,LOREAL,1,1,19.17,28.29,25.46,24.19
PV,Hair Salon,LISS UNLIMITED CPP CREMA 150ML,LOREAL,0,1,23.11,34.11,30.70,29.16
PV,Hair Salon,LISS UNLIMITED CPP CREMA 150ML,LOREAL,3,1,23.11,34.11,30.70,29.16
PV,Hair Salon,LISS UNLIMITED DOBLE SERUM 30ML,LOREAL,2,1,27.60,40.73,36.66,34.83
PV,Hair Salon,LISS UNLIMITED FORCE 2 SH 250ML VD60,LOREAL,3,1,17.53,25.88,23.29,22.12
PV,Hair Salon,LISS UNLIMITED MASQUE 200ML,LOREAL,0,1,21.50,31.73,28.56,27.13
PV,Hair Salon,LISS UNLIMITED MASQUE 200ML,LOREAL,3,1,22.19,32.75,29.48,28.00
PV,Hair Salon,LUMINO CONTRAST MASC 200ML,LOREAL,2,1,21.50,31.73,28.56,27.13
PV,Hair Salon,LUMINO contrast NEW SHAMPOO 500ML,LOREAL,2,1,27.70,40.88,36.79,34.95
PV,Hair Salon,LUMINO CONTRAST SERUM 50ML,LOREAL,2,1,29.70,43.83,39.45,37.48
PC,SPA,LUPA DE PEDESTAL CUADRADA dermalia,Otros,1,1,0,0,0,0
PC,Nail Bar,LUXURY UV BASE & TOP GEL,Otros,1,1,0,0,0,0
PC,Hair Salon,MAJIBLOND ULTRA 911,LOREAL,2.25,2,7.20,0.00,0.00,0.00
PC,Hair Salon,MAJICREME 20VOL 1000ML OXYGENTA,LOREAL,2,2,12.6,0.00,0.00,0.00
PC,Hair Salon,MAJICREME 20VOL 1000ML OXYGENTA,LOREAL,7,2,12.6,0.00,0.00,0.00
PC,Hair Salon,MAJICREME 30VOL 1000ML OXYGENTA,LOREAL,1,2,12.30,0.00,0.00,0.00
PC,Hair Salon,MAJICREME 30VOL 1000ML OXYGENTA,LOREAL,4,2,12.60,0.00,0.00,0.00
PC,Hair Salon,MAJICREME 40VOL 1000ML OXYGENTA,LOREAL,1,2,12.30,0.00,0.00,0.00
PC,Hair Salon,MAJIREL 10,LOREAL,3,2,6.15,0.00,0.00,0.00
PC,Hair Salon,MAJIREL 10.1,LOREAL,3,2,7.15,0.00,0.00,0.00
PC,Hair Salon,MAJIREL 3,LOREAL,6.75,2,7.15,0.00,0.00,0.00
PC,Hair Salon,MAJIREL 4,LOREAL,4,2,7.15,0.00,0.00,0.00
PC,Hair Salon,MAJIREL 4.3,LOREAL,3,2,6.15,0.00,0.00,0.00
PC,Hair Salon,MAJIREL 4.45,LOREAL,3,2,7.15,0.00,0.00,0.00
PC,Hair Salon,MAJIREL 5,LOREAL,22.5,2,7.15,0.00,0.00,0.00
PC,Hair Salon,MAJIREL 5.07,LOREAL,2.5,2,6.15,0.00,0.00,0.00
PC,Hair Salon,MAJIREL 5.07,LOREAL,7,2,6.15,0.00,0.00,0.00
PC,Hair Salon,MAJIREL 5.11,LOREAL,0.5,2,6.15,0.00,0.00,0.00
PC,Hair Salon,MAJIREL 5.12,LOREAL,1,2,6.15,0.00,0.00,0.00
PC,Hair Salon,MAJIREL 5.12,LOREAL,5,2,6.15,0.00,0.00,0.00
PC,Hair Salon,MAJIREL 5.3,LOREAL,2.25,2,6.15,0.00,0.00,0.00
PC,Hair Salon,MAJIREL 5.31,LOREAL,0,2,6.15,0.00,0.00,0.00
PC,Hair Salon,MAJIREL 5.4,LOREAL,3,2,6.15,0.00,0.00,0.00
PC,Hair Salon,MAJIREL 5.52,LOREAL,2.25,2,6.15,0.00,0.00,0.00
PC,Hair Salon,MAJIREL 5.52,LOREAL,3,2,6.15,0.00,0.00,0.00
PC,Hair Salon,MAJIREL 6,LOREAL,1.75,2,6.15,0.00,0.00,0.00
PC,Hair Salon,MAJIREL 6,LOREAL,10,2,6.15,0.00,0.00,0.00
PC,Hair Salon,MAJIREL 6.07,LOREAL,2.5,2,6.15,0.00,0.00,0.00
PC,Hair Salon,MAJIREL 6.07,LOREAL,6,2,6.15,0.00,0.00,0.00
PC,Hair Salon,MAJIREL 6.11,LOREAL,7.5,2,6.15,0.00,0.00,0.00
PC,Hair Salon,MAJIREL 6.23,LOREAL,2,2,6.15,0.00,0.00,0.00
PC,Hair Salon,MAJIREL 6.23,LOREAL,3,2,6.15,0.00,0.00,0.00
PC,Hair Salon,MAJIREL 6.3,LOREAL,1.5,2,6.15,0.00,0.00,0.00
PC,Hair Salon,MAJIREL 6.34,LOREAL,1.5,2,6.15,0.00,0.00,0.00
PC,Hair Salon,MAJIREL 6.35,LOREAL,3,2,6.15,0.00,0.00,0.00
PC,Hair Salon,MAJIREL 6.45,LOREAL,2.25,2,6.15,0.00,0.00,0.00
PC,Hair Salon,MAJIREL 6.46,LOREAL,1.75,2,6.15,0.00,0.00,0.00
PC,Hair Salon,MAJIREL 7,LOREAL,3,2,6.15,0.00,0.00,0.00
PC,Hair Salon,MAJIREL 7,LOREAL,13.25,2,6.15,0.00,0.00,0.00
PC,Hair Salon,MAJIREL 7.0 ,LOREAL,5,2,6.15,0.00,0.00,0.00
PC,Hair Salon,MAJIREL 7.1,LOREAL,3,2,6.15,0.00,0.00,0.00
PC,Hair Salon,MAJIREL 7.1,LOREAL,6,2,6.15,0.00,0.00,0.00
PC,Hair Salon,MAJIREL 7.11,LOREAL,2,2,6.15,0.00,0.00,0.00
PC,Hair Salon,MAJIREL 7.11,LOREAL,0.25,2,6.15,0.00,0.00,0.00
PC,Hair Salon,MAJIREL 7.13,LOREAL,9.5,2,6.15,0.00,0.00,0.00
PC,Hair Salon,MAJIREL 7.2,LOREAL,1.5,2,6.15,0.00,0.00,0.00
PC,Hair Salon,MAJIREL 7.2,LOREAL,3,2,6.15,0.00,0.00,0.00
PC,Hair Salon,MAJIREL 7.23,LOREAL,2.75,2,6.15,0.00,0.00,0.00
PC,Hair Salon,MAJIREL 7.23,LOREAL,7,2,6.15,0.00,0.00,0.00
PC,Hair Salon,MAJIREL 7.3,LOREAL,3,2,6.15,0.00,0.00,0.00
PC,Hair Salon,MAJIREL 7.31,LOREAL,2,2,6.15,0.00,0.00,0.00
PC,Hair Salon,MAJIREL 7.35,LOREAL,2,2,6.15,0.00,0.00,0.00
PC,Hair Salon,MAJIREL 8,LOREAL,4.25,2,6.15,0.00,0.00,0.00
PC,Hair Salon,MAJIREL 8,LOREAL,15,2,6.15,0.00,0.00,0.00
PC,Hair Salon,MAJIREL 8.1,LOREAL,7.5,2,6.15,0.00,0.00,0.00
PC,Hair Salon,MAJIREL 8.11,LOREAL,2.75,2,6.15,0.00,0.00,0.00
PC,Hair Salon,MAJIREL 8.11,LOREAL,3,2,6.15,0.00,0.00,0.00
PC,Hair Salon,MAJIREL 8.13,LOREAL,0.75,2,6.15,0.00,0.00,0.00
PC,Hair Salon,MAJIREL 8.13,LOREAL,9,2,6.15,0.00,0.00,0.00
PC,Hair Salon,MAJIREL 8.2,LOREAL,3,2,6.15,0.00,0.00,0.00
PC,Hair Salon,MAJIREL 8.2,LOREAL,3,2,6.15,0.00,0.00,0.00
PC,Hair Salon,MAJIREL 8.3,LOREAL,3,2,6.15,0.00,0.00,0.00
PC,Hair Salon,MAJIREL 8.34,LOREAL,1.5,2,6.15,0.00,0.00,0.00
PC,Hair Salon,MAJIREL 9,LOREAL,2.75,2,6.15,0.00,0.00,0.00
PC,Hair Salon,MAJIREL 9.1,LOREAL,5,2,6.15,0.00,0.00,0.00
PC,Hair Salon,MAJIREL 9.1,LOREAL,1.25,2,6.15,0.00,0.00,0.00
PC,Hair Salon,MAJIREL 9.22,LOREAL,2,2,6.15,0.00,0.00,0.00
PC,Hair Salon,MAJIREL 9.22,LOREAL,6,2,6.15,0.00,0.00,0.00
PC,Hair Salon,MAJIREL ABSOLUT 6.1,LOREAL,0,2,6.15,0.00,0.00,0.00
PC,Hair Salon,MAJIREL ABSOLUT 6.1,LOREAL,8.75,2,6.15,0.00,0.00,0.00
PC,Hair Salon,MAJIREL BLUSH BLOND B14 9.21 50ML 511,LOREAL,2,2,6.15,0.00,0.00,0.00
PC,Hair Salon,MAJIREL BLUSH BLOND B14 9.21 50ML 511,LOREAL,3,2,6.15,0.00,0.00,0.00
PC,Hair Salon,MAJIREL COOL COVER 4,LOREAL,1.25,2,6.15,0.00,0.00,0.00
PC,Hair Salon,MAJIREL COOL COVER 5,LOREAL,1,2,6.15,0.00,0.00,0.00
PC,Hair Salon,MAJIREL COOL COVER 5.3,LOREAL,2,2,6.15,0.00,0.00,0.00
PC,Hair Salon,MAJIREL COOL COVER 6,LOREAL,0.25,2,6.15,0.00,0.00,0.00
PC,Hair Salon,MAJIREL COOL COVER 6.1,LOREAL,2,2,6.15,0.00,0.00,0.00
PC,Hair Salon,MAJIREL COOL COVER 6.3,LOREAL,6,2,6.15,0.00,0.00,0.00
PC,Hair Salon,MAJIREL COOL COVER 6.8,LOREAL,1.5,2,6.15,0.00,0.00,0.00
PC,Hair Salon,MAJIREL COOL COVER 7.3,LOREAL,0.5,2,6.15,0.00,0.00,0.00
PC,Hair Salon,MAJIREL COOL COVER 8.8,LOREAL,1.5,2,6.15,0.00,0.00,0.00
PC,Hair Salon,MAJIREL COOL COVER 9,LOREAL,2,2,6.15,0.00,0.00,0.00
PC,Hair Salon,MAJIREL COOL COVER 9.1,LOREAL,2,2,6.15,0.00,0.00,0.00
PC,Hair Salon,MAJIREL COOL COVER BRONZE 7.17,LOREAL,4,2,6.15,0.00,0.00,0.00
PC,Hair Salon,MAJIREL COOL COVER BRONZE 9.11,LOREAL,2,2,6.15,0.00,0.00,0.00
PC,Hair Salon,MAJIREL COOL COVER MOCCHA 7.18,LOREAL,5,2,6.15,0.00,0.00,0.00
PC,Hair Salon,MAJIREL HIGH LIFT ASH 50ML V511,LOREAL,1,2,6.15,0.00,0.00,0.00
PC,Hair Salon,MAJIREL HIGH LIFT VIOLET 50ML V511,LOREAL,1,2,6.15,0.00,0.00,0.00
PC,Hair Salon,MAJIREL HT 4.56,LOREAL,1.75,2,6.15,0.00,0.00,0.00
PC,Hair Salon,MAJIREL HT 5.31,LOREAL,2.75,2,6.15,0.00,0.00,0.00
PC,Hair Salon,MAJIREL HT 5.31,LOREAL,5,2,6.15,0.00,0.00,0.00
PC,Hair Salon,MAJIREL HT 5.5,LOREAL,1,2,6.15,0.00,0.00,0.00
PC,Hair Salon,MAJIREL HT 6.34,LOREAL,4,2,6.15,0.00,0.00,0.00
PC,Hair Salon,MAJIREL HT 6.46,LOREAL,2,2,6.15,0.00,0.00,0.00
PC,Hair Salon,MAJIREL HT 7.31,LOREAL,3,2,6.15,0.00,0.00,0.00
PC,Hair Salon,MAJIREL HT 7.35,LOREAL,3,2,6.15,0.00,0.00,0.00
PC,Hair Salon,MAJIREL HT 8.31,LOREAL,5,2,6.15,0.00,0.00,0.00
PC,Hair Salon,MAJIREL HT 8.34,LOREAL,6,2,6.15,0.00,0.00,0.00
PC,Hair Salon,MAJIROUGE 5.20,LOREAL,1,2,6.15,0.00,0.00,0.00
PC,Hair Salon,MAJIROUGE CARMIN 5.60,LOREAL,2.75,2,6.15,0.00,0.00,0.00
PC,Hair Salon,MAJIROUGE CARMIN 6.64,LOREAL,3,2,6.15,0.00,0.00,0.00
PC,Hair Salon,MAJIROUGE CARMIN 6.66,LOREAL,3,2,6.15,0.00,0.00,0.00
PC,Hair Salon,MAJIROUGE CARMIN 6.66 50ML,LOREAL,2,2,6.15,0.00,0.00,0.00
PC,Hair Salon,man wash bhb,Otros,1,1,0,0.00,0.00,0.00
PC,Hair Salon,mandil,Otros,2,1,0,0.00,0.00,0.00
PC,Hair Salon,MAQUINA CORTE DE PELO HOMBRE,Otros,2,1,0,0.00,0.00,0.00
PV,Hair Salon,MASCARILLA RENAISSANCE MASQUE OPTIMAGE 250ML,SILKY,4,1,17.68,26.09,23.48,22.31
PV,Hair Salon,MASK DENSIFIQUE 200ML 935,KERASTASE,2,1,42.70,69.11,62.19,59.09
PV,Hair Salon,MASQUINTENSE GLUCO ACTIVE FINS 200ML ,KERASTASE,1,1,42.70,69.11,62.19,59.09
PC,Nail Bar,MONOMER LIOQUIDO ACRILICO,Otros,1,1,0,0,0,0
PV,SPA,MOSTO 50ML,Bruno Vassary,1,1,39.00,53.59,48.23,45.82
PVC,SPA,MOSTO 50ML,Bruno Vassary,2,1,39.00,53.59,48.23,45.82
PV,Hair Salon,MOUSE DENSIFIQUE 150ML VD50 DENSIMORPHOSE,KERASTASE,4,1,34.10,55.19,49.67,47.19
PC,Hair Salon,MOUSSE 010 SOFT IVORY,Otros,1,1,0,0,0,0
PV,Hair Salon,MOUSSE FULL VOLUME 250 ML NEW,LOREAL,1,1,16.74,24.71,22.24,21.12
PC,Hair Salon,MULTI TECH PASTE 500GR V470,LOREAL,4,2,73.90,0.00,0.00,0.00
PC,Hair Salon,MULTI TECHNIQ POWDER 500GR POLVO DECOLORANTE,LOREAL,8,2,39.90,0.00,0.00,0.00
PV,Hair Salon,MYTHIC OIL 100ML,LOREAL,2,1,26.00,37.70,33.93,32.23
PV,Hair Salon,MYTHIC OIL MASCARA 200ML,LOREAL,1,1,21.50,31.73,28.56,27.13
PV,Hair Salon,MYTHIC OIL SHAMPOO 250ML,LOREAL,1,1,17.00,25.09,22.58,21.45
PC,Nail Bar,NAIL PREP PARA DESHIDRATAR LA UNNA NATURAL,Otros,1,1,0,0,0,0
PC,Nail Bar,NAIL SURFACE CLEANSE LIMPIADOR DE UNNAS gelish,Otros,1,1,0,0,0,0
PC,Nail Bar,NATURAL CUTICLE TREATMENT,Otros,3,1,0,0,0,0
PC,Hair Salon,NAVAJAS,Otros,2,1,0,0,0,0
PC,Nail Bar,neo body scrub crema exfoliante 500ml,Otros,10,4,5.214285714,0,0,0
PC,Nail Bar,NOURISH ACEITE DE CUTICULA gelish,Otros,1,1,0,0,0,0
PV,Hair Salon,NUT MASQUINTENSE CHX EPAIS 200ML 935,KERASTASE,2,1,42.70,69.11,62.19,59.09
PV,Hair Salon,NUT MASQUINTENSE CHX FINS 200ML 935,KERASTASE,2,1,42.70,69.11,62.19,59.09
PV,SPA,OIL FREE MOISTURIZING GEL 50ML,Bruno Vassary,1,1,27.68,38.04,34.23,32.52
PVC,SPA,OIL FREE MOISTURIZING GEL 50ML,Bruno Vassary,2,1,27.68,38.04,34.23,32.52
PV,SPA,OIL FREE SPRAY SPF 25,Bruno Vassary,1,1,21.00,28.86,25.97,24.67
PVC,SPA,OIL FREE SPRAY SPF 25,Bruno Vassary,2,1,21.00,28.86,25.97,24.67
PV,Hair Salon,OLEO RELAX  TRAT DISCIPLINA NUTRI HUILE 125ML,KERASTASE,2,1,25.90,41.92,37.72,35.84
PV,Hair Salon,OLEO RELAX MASQUE 200ML,KERASTASE,2,1,42.70,69.11,62.19,59.09
PC,Hair Salon,orquilleta,Otros,3,2,1.875,0,0,0
PVC,SPA,PACK WHITE BV 2015 (1 2 3),Bruno Vassary,2,1,62.50,85.88,77.29,73.43
PC,Hair Salon,paleta de blush,Otros,1,1,0,0,0,0
PC,Hair Salon,paleta de cejas,Otros,1,1,0,0,0,0
PC,Hair Salon,paleta de iluminadores,Otros,1,1,0,0,0,0
PC,Hair Salon,paleta de sombras,Otros,1,1,0,0,0,0
PC,Nail Bar,PALETA PARA CALLOS,Otros,3,1,0,0,0,0
PC,Nail Bar,PALOS DE NARANJA,Otros,1,1,0,0,0,0
PC,SPA,pantuflas,Otros,3,1,0,0,0,0
PC,Nail Bar,PAQUETES DE FUNDAS PARAFINA,Otros,18,1,0,0,0,0
PC,Nail Bar,PARAFINA,Otros,1,1,0,0,0,0
PC,Hair Salon,PATILLERA,Otros,2,1,0,0,0,0
PC,Hair Salon,PEINILLA DE DIENTES ANCHOS,Otros,2,1,0,0,0,0
PC,Hair Salon,PEINILLA PARA ALISAR CON PLANCHA,SILKY,1,1,0,0,0,0
PC,Hair Salon,PEINILLAS,Otros,9,1,0,0,0,0
PC,Hair Salon,peinillas de punta,Otros,2,1,0,0,0,0
PC,Hair Salon,PESTANNAS INDIVIDUAL,Otros,9,1,0,0,0,0
PC,Nail Bar,PG BOND DESHIDRATADOR gelish,Otros,1,1,0,0,0,0
PC,Nail Bar,PINCEL DE DISENNO,Otros,2,1,0,0,0,0
PC,Hair Salon,pinchos,Otros,18,1,0,0,0,0
PC,Hair Salon,PINCHOS ALUMINIO,Otros,3,1,0,0,0,0
PC,Hair Salon,PINCHOS PLASTICOS,Otros,3,1,0,0,0,0
PV,SPA,PIOGGIA DI VIGNA LOCION ANTIEDAD 200ML,Bruno Vassary,1,1,25.00,34.35,30.92,29.37
PVC,SPA,PIOGGIA DI VIGNA LOCION ANTIEDAD 200ML,Bruno Vassary,2,1,25.00,34.35,30.92,29.37
PC,Hair Salon,PLANCHA BABYLISS,Otros,2,2,0,0,0,0
PC,Hair Salon,PLANCHA PEQUENNA CERAMIC,Otros,1,1,0,0,0,0
PC,Nail Bar,POLVO ACRILICO TRANSPARENTE,Otros,1,1,0,0,0,0
PVC,SPA,POWER C PEPTIDE CREAM (ANTIOXIDANTE) 50ML,Bruno Vassary,2,1,55.00,75.58,68.02,64.62
PC,Nail Bar,PREP LIMPIADOR DE UNNAS red carpet,Otros,1,1,0,0,0,0
PVC,SPA,PROTECTIVE CREAM SPF 25 50ML (CREMA HIDRATANTE CON FILTRO SOLAR),Bruno Vassary,2,1,37.00,50.84,45.76,43.47
PC,Nail Bar,pulidor de uNNas,Otros,8,1,0,0,0,0
PV,Hair Salon,PURE RESOURCE PET SHAMPOO 250ML,LOREAL,2,1,17.00,25.09,22.58,21.45
PC,Nail Bar,PUTIFY LIMPIADOR PARA APLICACIoN PRE Y POST red carpet,Otros,1,1,0,0,0,0
PC,Nail Bar,RECIPIENTE PARA ACRILICO,Otros,2,1,0,0,0,0
PC,Hair Salon,RECORTADORA PERSONAL BABYLISS,Otros,1,1,0,0,0,0
PV,Hair Salon,REFL BAIN CHROMA CAPTIVE 250ML V267,KERASTASE,2,1,21.90,35.44,31.90,30.30
PV,Hair Salon,REFL FONDANT CHROMA CAPTIVE 200ML,KERASTASE,1,1,26.90,43.53,39.18,37.22
PV,Hair Salon,REFL MASQ CHROMA CAPTIVE 200ML V935,KERASTASE,2,1,42.70,69.11,62.19,59.09
PVC,SPA,REFRESING TONER 250ML,Bruno Vassary,2,1,19.00,26.11,23.50,22.32
PC,Nail Bar,REMOVEDOR DE CUTICULA CREMA,Otros,1,1,0,0,0,0
PC,Hair Salon,removedor de tinte saloon,Otros,1,1,4.107142857,0,0,0
PV,Hair Salon,RES CIMENT ANTIUSURE VITA ADV 200ML A21 architect,KERASTASE,3,1,26.90,43.53,39.18,37.22
PV,Hair Salon,RES MASQ FORCE ARCHITECT 200ML V078,KERASTASE,3,1,42.70,69.11,62.19,59.09
PV,Hair Salon,RESISTANCE MASQUE THERAPIST 200ML V935,KERASTASE,4,1,42.70,69.11,62.19,59.09
PC,Nail Bar,REVITALIZE ACEITE NUTRITIVO PARA LA CUTICULA Y LA UNNA red carpet,Otros,1,1,0,0,0,0
PC,Hair Salon,ROCEADOR DE AGUA,Otros,3,1,0,0,0,0
PVC,SPA,RUGIADA DI VIGNA ESPUMA LIMPIADORA 150ML,Bruno Vassary,2,1,25.00,34.35,30.92,29.37
PC,SPA,scrub coffe arabica,Otros,1,1,0,0,0,0
PC,SPA,scrub de coco,Otros,1,1,0,0,0,0
PV,Hair Salon,SE LIPIDIUM ACONDICIONADOR 150ML,LOREAL,2,1,19.17,28.29,25.47,24.19
PV,Hair Salon,SEBO THERAPY AMPOLLAS,SILKY,20,10,0.00,0.00,0.00,0.00
PC,Hair Salon,SECADORA BABYLISS,Otros,2,2,0.00,0.00,0.00,0.00
PV,Hair Salon,SENSI BALANCE 250ML,LOREAL,1,1,17.00,25.09,22.58,21.45
PC,Nail Bar,SEPARADOR DE DEDOS,Otros,6,1,0,0,0,0
PVC,SPA,SERUM ANTIAGE CON EXTRACTO DE CAVIAR 30ML,Bruno Vassary,2,1,49.00,67.33,60.60,57.57
PVC,SPA,SERUM OXIGENANTE CON PROTEINA DE SOJA 30ML,Bruno Vassary,2,1,49.00,67.33,60.60,57.57
PC,Hair Salon,serum paul michell,Otros,1,1,0,0,0,0
PV,Hair Salon,SERUM THERAPIST 30ML V434,KERASTASE,1,1,29.70,48.07,43.26,41.10
PV,SPA,SERUM VITE 50ML,Bruno Vassary,1,1,49.11,67.48,60.73,57.70
PVC,SPA,SERUM VITE 50ML,Bruno Vassary,2,1,49.11,67.48,60.73,57.70
PV,Hair Salon,SHAMPOO RISTTRUTURANTE OPTIMAGE 150ML,SILKY,1,1,17.68,26.09,23.48,22.31
PV,Hair Salon,SHAMPOO SILVER 250ML,LOREAL,0,1,17.53,25.87240179,23.29,22.12
PV,Hair Salon,SHAMPOO SILVER 250ML,LOREAL,4,2,17.53,25.87,23.28,22.12
PV,Hair Salon,SHINE BLOND SHAMPOO 250ML,LOREAL,2,1,17.00,25.09,22.58,21.45
PVC,SPA,SKIN CLEANSER LIMPIADOR FACIAL 250ML - gentle cleansing milk aqua,Bruno Vassary,1,1,23.00,31.60,28.44,27.02
PC,Hair Salon,SOMBRA LOREAL PARIS TONOS GRISES,LOREAL,2,1,0.00,0.00,0.00,0.00
PC,Hair Salon,SOMBRA LOREAL PARIS TONOS MARRONES,LOREAL,2,1,0.00,0.00,0.00,0.00
PC,Hair Salon,SOMBRA LOREAL PARIS TONOS MORADOS,LOREAL,3,1,0.00,0.00,0.00,0.00
PC,Hair Salon,SOMBRAS DE OJOS,Otros,1,1,0.00,0.00,0.00,0.00
PC,Nail Bar,SPRAY SECANTE DE UNNAS,Otros,3,1,0.00,0.00,0.00,0.00
PV,SPA,STOP REDNESS ANTI ROJECES 50ML,Bruno Vassary,1,1,31.56,43.37,39.03,37.08
PVC,SPA,STOP REDNESS ANTI ROJECES 50ML,Bruno Vassary,2,1,31.56,43.37,39.03,37.08
PVC,SPA,STRIALIA CREMA ANTIESTRIAS 200ML,Bruno Vassary,2,1,30.00,41.22,37.10,35.25
PC,Nail Bar,STRUCTURE CAPA BASE PARA UNNAS red carpet,Otros,2,1,0,0,0,0
PC,Nail Bar,TIJERA DE CUTICULA,Otros,3,1,0,0,0,0
PC,Nail Bar,TINA PARA SPA PIES,Otros,1,1,0,0,0,0
PV,Hair Salon,TNA RENO WEB PATE 150ML,LOREAL,1,1,16.20,23.91,21.52,20.44
PC,SPA,toallas pequeNNas ,Otros,6,1,0,0,0,0
PVC,SPA,TONING LOTION PARA PIELES NORMALES Y MIXTAS 250ML,Bruno Vassary,2,1,22.00,30.23,27.21,25.85
PC,Hair Salon,TOP CARE ANTIMANCHAS,Otros,2,1,0,0,0,0
PC,Nail Bar,TOP COAT CAPA SUPERIOR opi,Otros,1,1,0,0,0,0
PC,Nail Bar,TOP IT OFF GEL SELLADOR gelish,Otros,1,1,0,0,0,0
PC,Hair Salon,tratamiento gotas de aceite de argan,Otros,1,1,0,0,0,0
PC,Nail Bar,UNNAS EXTENSIONES,Otros,2,1,0,0,0,0
PC,Nail Bar,UNNAS FRANCES PERMANENTE,Otros,1,1,0,0,0,0
PC,Nail Bar,UNNAS POSTIZAS,Otros,1,1,0,0,0,0
PC,Nail Bar,UV FINISH GEL ULTRA SHINE,Otros,1,1,0,0,0,0
PC,SPA,VAPOR FACIAL PORTATIL dermalia,Otros,1,1,0,0,0,0
PC,Hair Salon,VASO MEDIDOR,Otros,2,1,0,0,0,0
PC,SPA,vela aromatherapy energy,Otros,1,1,0,0,0,0
PC,SPA,velos de vitamina c,Otros,1,1,0,0,0,0
PV,Hair Salon,VITA COLOR 10 EN 1 190ML VA16,LOREAL,2,1,21.50,31.73,28.56,27.13
PV,Hair Salon,VITA COLOR CAPTIVE TRATAMIENTO 150ML,LOREAL,1,1,18.60,27.45,24.71,23.47
PV,SPA,VITA VITE 50ML,Bruno Vassary,1,1,44.00,60.46,54.41,51.69
PVC,SPA,VITA VITE 50ML,Bruno Vassary,2,1,44.00,60.46,54.41,51.69
PV,Hair Salon,VITAMINO COLOR ACONDICIONADOR 150ML AOX,LOREAL,1,1,18.6,27.45160714,24.71,23.47
PV,Hair Salon,VITAMINO COLOR MQU 200ML A-OX,LOREAL,2,1,21.50,31.73,28.56,27.13
PV,Hair Salon,VITAMINO COLOR SH 250ML A-OX,LOREAL,0,1,17.53,25.87,23.29,22.12
PV,Hair Salon,VITAMINO COLOR SH 250ML A-OX,LOREAL,2,1,17.00,25.09,22.58,21.45
PV,Hair Salon,VITAMINO COLOR SH 250ML A-OX,LOREAL,1,1,17.53,25.88,23.29,22.12
PV,Hair Salon,VITAMINO COLOR SH 500ML A-OX,LOREAL,2,1,27.70,40.88,36.79,34.95
PC,Hair Salon,vol para tinte,Otros,2,1,0,0,0,0
PVC,SPA,WHITE DAY PROTECTION SPF 15 CREMA PROTECTORA DE DIA 50ML,Bruno Vassary,2,1,34.00,46.72,42.05,39.95
PV,SPA,WHITE LIGHT CORRECTOR ACTIVO ANTI MANCHAS CON VIT C,Bruno Vassary,1,1,34.00,46.72,42.05,39.95
PVC,SPA,WHITE LIGHT CORRECTOR ACTIVO ANTI MANCHAS CON VIT C,Bruno Vassary,2,1,34.00,46.72,42.05,39.95
PV,SPA,WHITE PURE C FLUIDO BLANQUEADOR NO GRASO CON VIT C 3X8ML,Bruno Vassary,1,1,39.00,53.59,48.23,45.82
PVC,SPA,WHITE PURE C FLUIDO BLANQUEADOR NO GRASO CON VIT C 3X8ML,Bruno Vassary,2,1,39.00,53.59,48.23,45.82
PC,Nail Bar,XTRABOND PRIMER ACRIGEL,Otros,1,1,0,0,0,0
PV,Hair Salon,YLANG FELL GOOD CREAM CONDITIONER,SILKY,1,1,17.66,26.06,23.46,22.28
PV,Hair Salon,YLANG FELL GOOD SERUM,SILKY,1,1,19.13,28.23,25.41,24.14